filename,extension,name_length,size_bytes,size_category,has_numbers,has_underscore,has_dash,word_count,keywords_education,keywords_movies,keywords_games,keywords_apps,keywords_entertainment,keywords_career,keywords_finance,keywords_others,ext_match_education,ext_match_movies,ext_match_games,ext_match_apps,ext_match_entertainment,ext_match_career,ext_match_finance,ext_match_others,label
assignment_final.pdf,.pdf,15,45000,small,0,1,0,2,1,0,0,0,0,0,0,0,1,0,0,0,0,0,0,0,Education
class_notes_2024.docx,.docx,16,23000,small,1,2,0,3,2,0,0,0,0,0,0,0,1,0,0,0,0,0,0,0,Education
syllabus_math.txt,.txt,13,8500,small,0,1,0,2,1,0,0,0,0,0,0,0,1,0,0,0,0,0,0,0,Education
exam_prep_guide.pdf,.pdf,15,67000,small,0,2,0,3,2,0,0,0,0,0,0,0,1,0,0,0,0,0,0,0,Education
lecture_slides.pptx,.pptx,14,125000,medium,0,1,0,2,1,0,0,0,0,0,0,0,1,0,0,0,0,0,0,0,Education
college_worksheet.docx,.docx,17,34000,small,0,1,0,2,1,0,0,0,0,0,0,0,1,0,0,0,0,0,0,0,Education
chemistry_notes.pdf,.pdf,15,56000,small,0,1,0,2,1,0,0,0,0,0,0,0,1,0,0,0,0,0,0,0,Education
assignment_2_final.txt,.txt,18,12000,small,1,2,0,3,1,0,0,0,0,0,0,0,1,0,0,0,0,0,0,0,Education
physics_exam_2024.pdf,.pdf,17,78000,small,1,2,0,3,2,0,0,0,0,0,0,0,1,0,0,0,0,0,0,0,Education
biology_class_notes.docx,.docx,19,41000,small,0,2,0,3,2,0,0,0,0,0,0,0,1,0,0,0,0,0,0,0,Education
history_worksheet.pptx,.pptx,17,89000,small,0,1,0,2,1,0,0,0,0,0,0,0,1,0,0,0,0,0,0,0,Education
english_assignment.txt,.txt,18,9500,small,0,1,0,2,1,0,0,0,0,0,0,0,1,0,0,0,0,0,0,0,Education
math_syllabus_v2.pdf,.pdf,16,52000,small,1,2,0,3,1,0,0,0,0,0,0,0,1,0,0,0,0,0,0,0,Education
computer_notes.docx,.docx,14,37000,small,0,1,0,2,1,0,0,0,0,0,0,0,1,0,0,0,0,0,0,0,Education
geography_exam.pdf,.pdf,14,63000,small,0,1,0,2,2,0,0,0,0,0,0,0,1,0,0,0,0,0,0,0,Education
statistics_lecture.pptx,.pptx,18,145000,medium,0,1,0,2,1,0,0,0,0,0,0,0,1,0,0,0,0,0,0,0,Education
economics_worksheet.txt,.txt,19,11500,small,0,1,0,2,1,0,0,0,0,0,0,0,1,0,0,0,0,0,0,0,Education
philosophy_notes.docx,.docx,16,29000,small,0,1,0,2,1,0,0,0,0,0,0,0,1,0,0,0,0,0,0,0,Education
psychology_assignment.pdf,.pdf,21,71000,small,0,1,0,2,1,0,0,0,0,0,0,0,1,0,0,0,0,0,0,0,Education
sociology_class.pptx,.pptx,14,98000,small,0,1,0,2,1,0,0,0,0,0,0,0,1,0,0,0,0,0,0,0,Education
literature_exam_prep.txt,.txt,19,13500,small,0,2,0,3,2,0,0,0,0,0,0,0,1,0,0,0,0,0,0,0,Education
chemistry_lab_notes.docx,.docx,19,43000,small,0,2,0,3,2,0,0,0,0,0,0,0,1,0,0,0,0,0,0,0,Education
calculus_syllabus.pdf,.pdf,16,58000,small,0,1,0,2,1,0,0,0,0,0,0,0,1,0,0,0,0,0,0,0,Education
organic_chemistry.pptx,.pptx,16,156000,medium,0,1,0,2,0,0,0,0,0,0,0,0,1,0,0,0,0,0,0,0,Education
physics_worksheet_v3.txt,.txt,19,14500,small,1,2,0,3,1,0,0,0,0,0,0,0,1,0,0,0,0,0,0,0,Education
movie_action_2024.mp4,.mp4,16,2500000000,huge,1,2,0,3,0,2,0,0,0,0,0,0,0,1,0,0,0,0,0,0,Movies
film_thriller_hd.mkv,.mkv,16,1800000000,huge,0,2,0,3,0,2,0,0,0,0,0,0,0,1,0,0,0,0,0,0,Movies
trailer_comedy.mp4,.mp4,14,350000000,large,0,1,0,2,0,1,0,0,0,0,0,0,0,1,0,0,0,0,0,0,Movies
subtitle_romance.avi,.avi,16,15000000,large,0,1,0,2,0,1,0,0,0,0,0,0,0,1,0,0,0,0,0,0,Movies
bluray_adventure.mkv,.mkv,16,3200000000,huge,0,1,0,2,0,2,0,0,0,0,0,0,0,1,0,0,0,0,0,0,Movies
camrip_drama.mp4,.mp4,13,850000000,large,0,1,0,2,0,2,0,0,0,0,0,0,0,1,0,0,0,0,0,0,Movies
movie_sci_fi_hd.mov,.mov,15,2100000000,huge,0,3,0,4,0,2,0,0,0,0,0,0,0,1,0,0,0,0,0,0,Movies
film_horror_2024.mp4,.mp4,16,1900000000,huge,1,2,0,3,0,1,0,0,0,0,0,0,0,1,0,0,0,0,0,0,Movies
trailer_documentary.avi,.avi,19,280000000,large,0,1,0,2,0,1,0,0,0,0,0,0,0,1,0,0,0,0,0,0,Movies
subtitle_foreign.mkv,.mkv,16,25000000,large,0,1,0,2,0,1,0,0,0,0,0,0,0,1,0,0,0,0,0,0,Movies
bluray_classic.mp4,.mp4,14,2800000000,huge,0,1,0,2,0,2,0,0,0,0,0,0,0,1,0,0,0,0,0,0,Movies
movie_animation.mov,.mov,15,1600000000,huge,0,1,0,2,0,1,0,0,0,0,0,0,0,1,0,0,0,0,0,0,Movies
film_western_hd.avi,.avi,15,2200000000,huge,0,2,0,3,0,2,0,0,0,0,0,0,0,1,0,0,0,0,0,0,Movies
trailer_musical.mkv,.mkv,15,320000000,large,0,1,0,2,0,1,0,0,0,0,0,0,0,1,0,0,0,0,0,0,Movies
camrip_biography.mp4,.mp4,17,950000000,large,0,1,0,2,0,2,0,0,0,0,0,0,0,1,0,0,0,0,0,0,Movies
movie_fantasy_2024.mov,.mov,18,2600000000,huge,1,2,0,3,0,2,0,0,0,0,0,0,0,1,0,0,0,0,0,0,Movies
film_mystery_bluray.avi,.avi,19,3100000000,huge,0,2,0,3,0,3,0,0,0,0,0,0,0,1,0,0,0,0,0,0,Movies
subtitle_war_movie.mkv,.mkv,18,35000000,large,0,2,0,3,0,2,0,0,0,0,0,0,0,1,0,0,0,0,0,0,Movies
trailer_superhero.mp4,.mp4,16,380000000,large,0,1,0,2,0,1,0,0,0,0,0,0,0,1,0,0,0,0,0,0,Movies
movie_historical.mov,.mov,16,2400000000,huge,0,1,0,2,0,1,0,0,0,0,0,0,0,1,0,0,0,0,0,0,Movies
film_noir_hd.avi,.avi,13,1700000000,huge,0,2,0,3,0,2,0,0,0,0,0,0,0,1,0,0,0,0,0,0,Movies
bluray_sports.mkv,.mkv,13,2900000000,huge,0,1,0,2,0,2,0,0,0,0,0,0,0,1,0,0,0,0,0,0,Movies
camrip_indie_film.mp4,.mp4,17,750000000,large,0,2,0,3,0,2,0,0,0,0,0,0,0,1,0,0,0,0,0,0,Movies
movie_disaster.mov,.mov,14,2000000000,huge,0,1,0,2,0,1,0,0,0,0,0,0,0,1,0,0,0,0,0,0,Movies
trailer_zombie.avi,.avi,13,290000000,large,0,1,0,2,0,1,0,0,0,0,0,0,0,1,0,0,0,0,0,0,Movies
film_psychological.mkv,.mkv,17,2300000000,huge,0,1,0,2,0,1,0,0,0,0,0,0,0,1,0,0,0,0,0,0,Movies
game_gta_setup.zip,.zip,14,4500000000,huge,0,2,0,3,0,0,2,0,0,0,0,0,0,0,1,0,0,0,0,0,Games
nfs_installer.exe,.exe,13,2800000000,huge,0,1,0,2,0,0,2,0,0,0,0,0,0,0,1,0,0,0,0,0,Games
cod_game_files.iso,.iso,14,6200000000,huge,0,2,0,3,0,0,2,0,0,0,0,0,0,0,1,0,0,0,0,0,Games
steam_launcher.apk,.apk,14,85000000,large,0,1,0,2,0,0,2,0,0,0,0,0,0,0,1,0,0,0,0,0,Games
game_setup_v2.zip,.zip,13,3800000000,huge,1,2,0,3,0,0,2,0,0,0,0,0,0,0,1,0,0,0,0,0,Games
install_racing.exe,.exe,14,2200000000,huge,0,1,0,2,0,0,2,0,0,0,0,0,0,0,1,0,0,0,0,0,Games
launcher_fps.iso,.iso,12,5800000000,huge,0,1,0,2,0,0,2,0,0,0,0,0,0,0,1,0,0,0,0,0,Games
game_rpg_mobile.apk,.apk,16,450000000,large,0,2,0,3,0,0,1,0,0,0,0,0,0,0,1,0,0,0,0,0,Games
setup_strategy.zip,.zip,14,4100000000,huge,0,1,0,2,0,0,2,0,0,0,0,0,0,0,1,0,0,0,0,0,Games
cod_warzone_install.exe,.exe,18,7500000000,huge,0,2,0,3,0,0,2,0,0,0,0,0,0,0,1,0,0,0,0,0,Games
game_puzzle_pack.iso,.iso,16,1200000000,huge,0,2,0,3,0,0,1,0,0,0,0,0,0,0,1,0,0,0,0,0,Games
launcher_adventure.apk,.apk,18,380000000,large,0,1,0,2,0,0,2,0,0,0,0,0,0,0,1,0,0,0,0,0,Games
gta_vice_city.zip,.zip,14,3500000000,huge,0,2,0,3,0,0,2,0,0,0,0,0,0,0,1,0,0,0,0,0,Games
setup_simulator.exe,.exe,15,2900000000,huge,0,1,0,2,0,0,2,0,0,0,0,0,0,0,1,0,0,0,0,0,Games
game_survival.iso,.iso,13,4800000000,huge,0,1,0,2,0,0,1,0,0,0,0,0,0,0,1,0,0,0,0,0,Games
install_mmorpg.apk,.apk,14,620000000,large,0,1,0,2,0,0,2,0,0,0,0,0,0,0,1,0,0,0,0,0,Games
launcher_sports.zip,.zip,14,3200000000,huge,0,1,0,2,0,0,2,0,0,0,0,0,0,0,1,0,0,0,0,0,Games
nfs_heat_setup.exe,.exe,14,5200000000,huge,0,2,0,3,0,0,2,0,0,0,0,0,0,0,1,0,0,0,0,0,Games
game_fighting.iso,.iso,13,2700000000,huge,0,1,0,2,0,0,1,0,0,0,0,0,0,0,1,0,0,0,0,0,Games
steam_game_pack.apk,.apk,15,750000000,large,0,2,0,3,0,0,2,0,0,0,0,0,0,0,1,0,0,0,0,0,Games
setup_horror_game.zip,.zip,17,4600000000,huge,0,2,0,3,0,0,1,0,0,0,0,0,0,0,1,0,0,0,0,0,Games
install_platform.exe,.exe,16,3100000000,huge,0,1,0,2,0,0,2,0,0,0,0,0,0,0,1,0,0,0,0,0,Games
game_indie_bundle.iso,.iso,17,1800000000,huge,0,2,0,3,0,0,1,0,0,0,0,0,0,0,1,0,0,0,0,0,Games
launcher_retro.apk,.apk,14,280000000,large,0,1,0,2,0,0,2,0,0,0,0,0,0,0,1,0,0,0,0,0,Games
cod_mobile_setup.zip,.zip,16,2400000000,huge,0,2,0,3,0,0,2,0,0,0,0,0,0,0,1,0,0,0,0,0,Games
setup_office_suite.exe,.exe,17,450000000,large,0,2,0,3,0,0,0,1,0,0,0,0,0,0,0,1,0,0,0,0,Apps
installer_photo_editor.apk,.apk,21,180000000,large,0,2,0,3,0,0,0,1,0,0,0,0,0,0,0,1,0,0,0,0,Apps
app_video_player.dmg,.dmg,16,320000000,large,0,2,0,3,0,0,0,1,0,0,0,0,0,0,0,1,0,0,0,0,Apps
software_antivirus.exe,.exe,17,680000000,large,0,1,0,2,0,0,0,1,0,0,0,0,0,0,0,1,0,0,0,0,Apps
application_browser.apk,.apk,18,95000000,medium,0,1,0,2,0,0,0,1,0,0,0,0,0,0,0,1,0,0,0,0,Apps
tool_file_manager.dmg,.dmg,17,240000000,large,0,2,0,3,0,0,0,1,0,0,0,0,0,0,0,1,0,0,0,0,Apps
setup_media_player.exe,.exe,18,380000000,large,0,2,0,3,0,0,0,1,0,0,0,0,0,0,0,1,0,0,0,0,Apps
installer_productivity.apk,.apk,21,150000000,medium,0,1,0,2,0,0,0,1,0,0,0,0,0,0,0,1,0,0,0,0,Apps
app_communication.dmg,.dmg,17,420000000,large,0,1,0,2,0,0,0,1,0,0,0,0,0,0,0,1,0,0,0,0,Apps
software_design_tool.exe,.exe,19,850000000,large,0,2,0,3,0,0,0,1,0,0,0,0,0,0,0,1,0,0,0,0,Apps
application_music.apk,.apk,16,75000000,medium,0,1,0,2,0,0,0,1,0,0,0,0,0,0,0,1,0,0,0,0,Apps
tool_system_cleaner.dmg,.dmg,19,180000000,large,0,2,0,3,0,0,0,1,0,0,0,0,0,0,0,1,0,0,0,0,Apps
setup_text_editor.exe,.exe,17,120000000,medium,0,2,0,3,0,0,0,1,0,0,0,0,0,0,0,1,0,0,0,0,Apps
installer_calendar.apk,.apk,17,45000000,medium,0,1,0,2,0,0,0,1,0,0,0,0,0,0,0,1,0,0,0,0,Apps
app_weather_widget.dmg,.dmg,18,85000000,medium,0,2,0,3,0,0,0,1,0,0,0,0,0,0,0,1,0,0,0,0,Apps
software_backup.exe,.exe,15,520000000,large,0,1,0,2,0,0,0,1,0,0,0,0,0,0,0,1,0,0,0,0,Apps
application_fitness.apk,.apk,18,110000000,medium,0,1,0,2,0,0,0,1,0,0,0,0,0,0,0,1,0,0,0,0,Apps
tool_password_mgr.dmg,.dmg,17,95000000,medium,0,2,0,3,0,0,0,1,0,0,0,0,0,0,0,1,0,0,0,0,Apps
setup_cloud_sync.exe,.exe,15,280000000,large,0,2,0,3,0,0,0,1,0,0,0,0,0,0,0,1,0,0,0,0,Apps
installer_game_util.apk,.apk,18,65000000,medium,0,2,0,3,0,0,0,1,0,0,0,0,0,0,0,1,0,0,0,0,Apps
app_note_taking.dmg,.dmg,15,140000000,medium,0,2,0,3,0,0,0,1,0,0,0,0,0,0,0,1,0,0,0,0,Apps
software_vpn_tool.exe,.exe,16,220000000,large,0,2,0,3,0,0,0,1,0,0,0,0,0,0,0,1,0,0,0,0,Apps
application_scanner.apk,.apk,18,88000000,medium,0,1,0,2,0,0,0,1,0,0,0,0,0,0,0,1,0,0,0,0,Apps
tool_compression.dmg,.dmg,16,160000000,medium,0,1,0,2,0,0,0,1,0,0,0,0,0,0,0,1,0,0,0,0,Apps
setup_remote_desktop.exe,.exe,20,350000000,large,0,2,0,3,0,0,0,1,0,0,0,0,0,0,0,1,0,0,0,0,Apps
music_album_2024.mp3,.mp3,16,12000000,medium,1,2,0,3,0,0,0,0,2,0,0,0,0,0,0,0,1,0,0,0,Entertainment
song_pop_hit.wav,.wav,12,45000000,medium,0,2,0,3,0,0,0,0,1,0,0,0,0,0,0,0,1,0,0,0,Entertainment
trailer_funny_clip.mp4,.mp4,18,85000000,medium,0,2,0,3,0,1,0,0,1,0,0,0,0,1,0,0,0,0,0,0,Entertainment
comedy_shorts.webm,.webm,13,35000000,medium,0,1,0,2,0,0,0,0,1,0,0,0,0,0,0,0,1,0,0,0,Entertainment
dance_video_hd.mp4,.mp4,15,150000000,large,0,2,0,3,0,0,0,0,1,0,0,0,0,1,0,0,0,0,0,0,Entertainment
music_classical.wav,.wav,15,38000000,medium,0,1,0,2,0,0,0,0,1,0,0,0,0,0,0,0,1,0,0,0,Entertainment
funny_reel_2024.mp3,.mp3,16,8500000,medium,1,2,0,3,0,0,0,0,2,0,0,0,0,0,0,0,1,0,0,0,Entertainment
song_rock_band.webm,.webm,14,28000000,medium,0,2,0,3,0,0,0,0,1,0,0,0,0,0,0,0,1,0,0,0,Entertainment
comedy_standup.mp4,.mp4,14,180000000,large,0,1,0,2,0,0,0,0,1,0,0,0,0,1,0,0,0,0,0,0,Entertainment
dance_tutorial.wav,.wav,14,42000000,medium,0,1,0,2,0,0,0,0,1,0,0,0,0,0,0,0,1,0,0,0,Entertainment
music_jazz_live.mp3,.mp3,15,15000000,medium,0,2,0,3,0,0,0,0,1,0,0,0,0,0,0,0,1,0,0,0,Entertainment
shorts_viral.webm,.webm,12,25000000,medium,0,1,0,2,0,0,0,0,1,0,0,0,0,0,0,0,1,0,0,0,Entertainment
funny_compilation.mp4,.mp4,17,95000000,medium,0,1,0,2,0,0,0,0,1,0,0,0,0,1,0,0,0,0,0,0,Entertainment
song_indie_artist.wav,.wav,16,33000000,medium,0,2,0,3,0,0,0,0,1,0,0,0,0,0,0,0,1,0,0,0,Entertainment
comedy_podcast.mp3,.mp3,14,65000000,medium,0,1,0,2,0,0,0,0,1,0,0,0,0,0,0,0,1,0,0,0,Entertainment
dance_choreography.webm,.webm,18,75000000,medium,0,1,0,2,0,0,0,0,1,0,0,0,0,0,0,0,1,0,0,0,Entertainment
music_electronic.mp4,.mp4,16,22000000,medium,0,1,0,2,0,0,0,0,1,0,0,0,0,1,0,0,0,0,0,0,Entertainment
trailer_music_video.wav,.wav,18,48000000,medium,0,2,0,3,0,1,0,0,1,0,0,0,0,0,0,0,1,0,0,0,Entertainment
funny_animals.mp3,.mp3,13,18000000,medium,0,1,0,2,0,0,0,0,1,0,0,0,0,0,0,0,1,0,0,0,Entertainment
song_acoustic.webm,.webm,13,29000000,medium,0,1,0,2,0,0,0,0,1,0,0,0,0,0,0,0,1,0,0,0,Entertainment
comedy_sketch.mp4,.mp4,13,120000000,medium,0,1,0,2,0,0,0,0,1,0,0,0,0,1,0,0,0,0,0,0,Entertainment
dance_competition.wav,.wav,17,39000000,medium,0,1,0,2,0,0,0,0,1,0,0,0,0,0,0,0,1,0,0,0,Entertainment
music_hip_hop.mp3,.mp3,13,16000000,medium,0,2,0,3,0,0,0,0,1,0,0,0,0,0,0,0,1,0,0,0,Entertainment
shorts_trending.webm,.webm,15,31000000,medium,0,1,0,2,0,0,0,0,1,0,0,0,0,0,0,0,1,0,0,0,Entertainment
funny_memes.mp4,.mp4,11,88000000,medium,0,1,0,2,0,0,0,0,1,0,0,0,0,1,0,0,0,0,0,0,Entertainment
resume_software_dev.pdf,.pdf,19,85000,small,0,2,0,3,0,0,0,0,0,1,0,0,1,0,0,0,0,0,0,0,Career
cv_marketing_exp.docx,.docx,17,42000,small,0,2,0,3,0,0,0,0,0,1,0,0,1,0,0,0,0,0,0,0,Career
coverletter_finance.pdf,.pdf,18,38000,small,0,1,0,2,0,0,0,0,0,1,0,0,1,0,0,0,0,0,0,0,Career
job_application.docx,.docx,15,35000,small,0,1,0,2,0,0,0,0,0,1,0,0,1,0,0,0,0,0,0,0,Career
internship_offer.pdf,.pdf,16,29000,small,0,1,0,2,0,0,0,0,0,1,0,0,1,0,0,0,0,0,0,0,Career
interview_prep.docx,.docx,14,31000,small,0,1,0,2,0,0,0,0,0,1,0,0,1,0,0,0,0,0,0,0,Career
resume_data_scientist.pdf,.pdf,21,67000,small,0,2,0,3,0,0,0,0,0,1,0,0,1,0,0,0,0,0,0,0,Career
cv_project_manager.docx,.docx,19,48000,small,0,2,0,3,0,0,0,0,0,1,0,0,1,0,0,0,0,0,0,0,Career
coverletter_tech.pdf,.pdf,16,33000,small,0,1,0,2,0,0,0,0,0,1,0,0,1,0,0,0,0,0,0,0,Career
job_description.docx,.docx,15,26000,small,0,1,0,2,0,0,0,0,0,1,0,0,1,0,0,0,0,0,0,0,Career
internship_application.pdf,.pdf,22,41000,small,0,1,0,2,0,0,0,0,0,1,0,0,1,0,0,0,0,0,0,0,Career
interview_questions.docx,.docx,19,37000,small,0,1,0,2,0,0,0,0,0,1,0,0,1,0,0,0,0,0,0,0,Career
resume_designer.pdf,.pdf,15,58000,small,0,1,0,2,0,0,0,0,0,1,0,0,1,0,0,0,0,0,0,0,Career
cv_sales_executive.docx,.docx,18,44000,small,0,2,0,3,0,0,0,0,0,1,0,0,1,0,0,0,0,0,0,0,Career
coverletter_hr.pdf,.pdf,14,32000,small,0,1,0,2,0,0,0,0,0,1,0,0,1,0,0,0,0,0,0,0,Career
job_contract.docx,.docx,12,39000,small,0,1,0,2,0,0,0,0,0,1,0,0,1,0,0,0,0,0,0,0,Career
internship_report.pdf,.pdf,16,54000,small,0,1,0,2,0,0,0,0,0,1,0,0,1,0,0,0,0,0,0,0,Career
interview_feedback.docx,.docx,18,28000,small,0,1,0,2,0,0,0,0,0,1,0,0,1,0,0,0,0,0,0,0,Career
resume_teacher.pdf,.pdf,13,49000,small,0,1,0,2,0,0,0,0,0,1,0,0,1,0,0,0,0,0,0,0,Career
cv_engineer.docx,.docx,12,46000,small,0,1,0,2,0,0,0,0,0,1,0,0,1,0,0,0,0,0,0,0,Career
coverletter_startup.pdf,.pdf,18,36000,small,0,1,0,2,0,0,0,0,0,1,0,0,1,0,0,0,0,0,0,0,Career
job_offer_letter.docx,.docx,16,34000,small,0,2,0,3,0,0,0,0,0,1,0,0,1,0,0,0,0,0,0,0,Career
internship_certificate.pdf,.pdf,21,43000,small,0,1,0,2,0,0,0,0,0,1,0,0,1,0,0,0,0,0,0,0,Career
interview_schedule.docx,.docx,18,25000,small,0,1,0,2,0,0,0,0,0,1,0,0,1,0,0,0,0,0,0,0,Career
resume_freelancer.pdf,.pdf,17,52000,small,0,1,0,2,0,0,0,0,0,1,0,0,1,0,0,0,0,0,0,0,Career
invoice_services.pdf,.pdf,15,65000,small,0,1,0,2,0,0,0,0,0,0,1,0,1,0,0,0,0,1,0,0,Finance
bank_statement_jan.xlsx,.xlsx,18,120000,medium,0,2,0,3,0,0,0,0,0,0,1,0,0,0,0,0,0,1,0,0,Finance
bill_electricity.pdf,.pdf,16,38000,small,0,1,0,2,0,0,0,0,0,0,1,0,1,0,0,0,0,1,0,0,Finance
salary_slip_2024.xlsx,.xlsx,17,89000,small,1,2,0,3,0,0,0,0,0,0,1,0,0,0,0,0,0,1,0,0,Finance
receipt_purchase.pdf,.pdf,15,42000,small,0,1,0,2,0,0,0,0,0,0,1,0,1,0,0,0,0,1,0,0,Finance
tax_return_form.xlsx,.xlsx,15,156000,medium,0,2,0,3,0,0,0,0,0,0,1,0,0,0,0,0,0,1,0,0,Finance
invoice_consulting.pdf,.pdf,18,58000,small,0,1,0,2,0,0,0,0,0,0,1,0,1,0,0,0,0,1,0,0,Finance
bank_loan_details.xlsx,.xlsx,17,134000,medium,0,2,0,3,0,0,0,0,0,0,1,0,0,0,0,0,0,1,0,0,Finance
bill_internet_isp.pdf,.pdf,16,33000,small,0,2,0,3,0,0,0,0,0,0,1,0,1,0,0,0,0,1,0,0,Finance
salary_certificate.xlsx,.xlsx,18,78000,small,0,1,0,2,0,0,0,0,0,0,1,0,0,0,0,0,0,1,0,0,Finance
receipt_grocery.pdf,.pdf,14,29000,small,0,1,0,2,0,0,0,0,0,0,1,0,1,0,0,0,0,1,0,0,Finance
tax_deduction_proof.xlsx,.xlsx,19,142000,medium,0,2,0,3,0,0,0,0,0,0,1,0,0,0,0,0,0,1,0,0,Finance
invoice_freelance.pdf,.pdf,16,51000,small,0,1,0,2,0,0,0,0,0,0,1,0,1,0,0,0,0,1,0,0,Finance
bank_credit_card.xlsx,.xlsx,16,95000,small,0,2,0,3,0,0,0,0,0,0,1,0,0,0,0,0,0,1,0,0,Finance
bill_phone_monthly.pdf,.pdf,17,36000,small,0,2,0,3,0,0,0,0,0,0,1,0,1,0,0,0,0,1,0,0,Finance
salary_increment.xlsx,.xlsx,17,87000,small,0,1,0,2,0,0,0,0,0,0,1,0,0,0,0,0,0,1,0,0,Finance
receipt_medical.pdf,.pdf,14,44000,small,0,1,0,2,0,0,0,0,0,0,1,0,1,0,0,0,0,1,0,0,Finance
tax_investment_proof.xlsx,.xlsx,20,167000,medium,0,2,0,3,0,0,0,0,0,0,1,0,0,0,0,0,0,1,0,0,Finance
invoice_software_dev.pdf,.pdf,19,62000,small,0,2,0,3,0,0,0,0,0,0,1,0,1,0,0,0,0,1,0,0,Finance
bank_mortgage_docs.xlsx,.xlsx,17,189000,medium,0,2,0,3,0,0,0,0,0,0,1,0,0,0,0,0,0,1,0,0,Finance
bill_insurance_car.pdf,.pdf,17,47000,small,0,2,0,3,0,0,0,0,0,0,1,0,1,0,0,0,0,1,0,0,Finance
salary_bonus_sheet.xlsx,.xlsx,18,92000,small,0,2,0,3,0,0,0,0,0,0,1,0,0,0,0,0,0,1,0,0,Finance
receipt_travel_exp.pdf,.pdf,17,39000,small,0,2,0,3,0,0,0,0,0,0,1,0,1,0,0,0,0,1,0,0,Finance
tax_audit_report.xlsx,.xlsx,16,175000,medium,0,2,0,3,0,0,0,0,0,0,1,0,0,0,0,0,0,1,0,0,Finance
invoice_design_work.pdf,.pdf,18,55000,small,0,2,0,3,0,0,0,0,0,0,1,0,1,0,0,0,0,1,0,0,Finance
system_log_error.dat,.dat,16,2500,tiny,0,2,0,3,0,0,0,0,0,0,0,1,0,0,0,0,0,0,0,1,Others
temp_cache_file.bin,.bin,15,8900,tiny,0,2,0,3,0,0,0,0,0,0,0,1,0,0,0,0,0,0,0,1,Others
config_app_settings.cfg,.cfg,19,1200,tiny,0,2,0,3,0,0,0,0,0,0,0,1,0,0,0,0,0,0,0,1,Others
database_backup.db,.db,15,450000,medium,0,1,0,2,0,0,0,0,0,0,0,1,0,0,0,0,0,0,0,1,Others
temporary_download.tmp,.tmp,18,15600,small,0,1,0,2,0,0,0,0,0,0,0,1,0,0,0,0,0,0,0,1,Others
system_registry.dll,.dll,16,125000,medium,0,1,0,2,0,0,0,0,0,0,0,1,0,0,0,0,0,0,0,1,Others
log_application.log,.log,17,3400,tiny,0,1,0,2,0,0,0,0,0,0,0,1,0,0,0,0,0,0,0,1,Others
misc_data_file.sqlite,.sqlite,16,780000,medium,0,2,0,3,0,0,0,0,0,0,0,1,0,0,0,0,0,0,0,1,Others
cache_browser.dat,.dat,15,12500,small,0,1,0,2,0,0,0,0,0,0,0,1,0,0,0,0,0,0,0,1,Others
temp_install.bin,.bin,14,22000,small,0,1,0,2,0,0,0,0,0,0,0,1,0,0,0,0,0,0,0,1,Others
config_user_pref.ini,.ini,17,950,tiny,0,2,0,3,0,0,0,0,0,0,0,1,0,0,0,0,0,0,0,1,Others
database_index.db,.db,16,320000,medium,0,1,0,2,0,0,0,0,0,0,0,1,0,0,0,0,0,0,0,1,Others
temporary_work.tmp,.tmp,15,7800,tiny,0,1,0,2,0,0,0,0,0,0,0,1,0,0,0,0,0,0,0,1,Others
system_driver.sys,.sys,14,89000,small,0,1,0,2,0,0,0,0,0,0,0,1,0,0,0,0,0,0,0,1,Others
log_debug_info.log,.log,16,5600,tiny,0,2,0,3,0,0,0,0,0,0,0,1,0,0,0,0,0,0,0,1,Others
misc_settings.sqlite,.sqlite,16,560000,medium,0,1,0,2,0,0,0,0,0,0,0,1,0,0,0,0,0,0,0,1,Others
cache_memory.dat,.dat,14,18700,small,0,1,0,2,0,0,0,0,0,0,0,1,0,0,0,0,0,0,0,1,Others
temp_processing.bin,.bin,17,28900,small,0,1,0,2,0,0,0,0,0,0,0,1,0,0,0,0,0,0,0,1,Others
config_network.cfg,.cfg,16,1850,tiny,0,1,0,2,0,0,0,0,0,0,0,1,0,0,0,0,0,0,0,1,Others
database_query.db,.db,16,415000,medium,0,1,0,2,0,0,0,0,0,0,0,1,0,0,0,0,0,0,0,1,Others
temporary_backup.tmp,.tmp,17,34500,small,0,1,0,2,0,0,0,0,0,0,0,1,0,0,0,0,0,0,0,1,Others
system_library.dll,.dll,16,156000,medium,0,1,0,2,0,0,0,0,0,0,0,1,0,0,0,0,0,0,0,1,Others
log_security.log,.log,15,4200,tiny,0,1,0,2,0,0,0,0,0,0,0,1,0,0,0,0,0,0,0,1,Others
misc_project.sqlite,.sqlite,16,690000,medium,0,1,0,2,0,0,0,0,0,0,0,1,0,0,0,0,0,0,0,1,Others
cache_thumbnails.dat,.dat,18,25600,small,0,1,0,2,0,0,0,0,0,0,0,1,0,0,0,0,0,0,0,1,Others
programming_tutorial.pdf,.pdf,19,89000,small,0,1,0,2,2,0,0,0,0,0,0,0,1,0,0,0,0,0,0,0,Education
research_paper_ai.docx,.docx,16,156000,medium,0,2,0,3,2,0,0,0,0,0,0,0,1,0,0,0,0,0,0,0,Education
thesis_draft_v1.pdf,.pdf,14,234000,large,1,2,0,3,1,0,0,0,0,0,0,0,1,0,0,0,0,0,0,0,Education
lab_report_bio.txt,.txt,14,18500,small,0,2,0,3,2,0,0,0,0,0,0,0,1,0,0,0,0,0,0,0,Education
study_guide_finals.pptx,.pptx,18,178000,large,0,2,0,3,2,0,0,0,0,0,0,0,1,0,0,0,0,0,0,0,Education
dissertation_proposal.docx,.docx,21,89000,small,0,1,0,2,1,0,0,0,0,0,0,0,1,0,0,0,0,0,0,0,Education
homework_algebra.pdf,.pdf,16,45000,small,0,1,0,2,2,0,0,0,0,0,0,0,1,0,0,0,0,0,0,0,Education
textbook_chapter_3.txt,.txt,17,67000,small,1,2,0,3,1,0,0,0,0,0,0,0,1,0,0,0,0,0,0,0,Education
project_presentation.pptx,.pptx,19,267000,large,0,1,0,2,1,0,0,0,0,0,0,0,1,0,0,0,0,0,0,0,Education
course_outline.docx,.docx,14,34000,small,0,1,0,2,1,0,0,0,0,0,0,0,1,0,0,0,0,0,0,0,Education
midterm_answers.pdf,.pdf,15,56000,small,0,1,0,2,2,0,0,0,0,0,0,0,1,0,0,0,0,0,0,0,Education
reading_list_2024.txt,.txt,16,23000,small,1,2,0,3,1,0,0,0,0,0,0,0,1,0,0,0,0,0,0,0,Education
tutorial_python.pptx,.pptx,15,134000,medium,0,1,0,2,2,0,0,0,0,0,0,0,1,0,0,0,0,0,0,0,Education
academic_paper.docx,.docx,14,123000,medium,0,1,0,2,1,0,0,0,0,0,0,0,1,0,0,0,0,0,0,0,Education
quiz_preparation.pdf,.pdf,16,38000,small,0,1,0,2,2,0,0,0,0,0,0,0,1,0,0,0,0,0,0,0,Education
class_schedule.txt,.txt,14,12000,small,0,1,0,2,1,0,0,0,0,0,0,0,1,0,0,0,0,0,0,0,Education
final_project_draft.pptx,.pptx,19,189000,large,0,2,0,3,2,0,0,0,0,0,0,0,1,0,0,0,0,0,0,0,Education
university_handbook.docx,.docx,19,98000,small,0,1,0,2,1,0,0,0,0,0,0,0,1,0,0,0,0,0,0,0,Education
student_notes_calc.pdf,.pdf,17,73000,small,0,2,0,3,2,0,0,0,0,0,0,0,1,0,0,0,0,0,0,0,Education
seminar_slides.txt,.txt,13,29000,small,0,1,0,2,1,0,0,0,0,0,0,0,1,0,0,0,0,0,0,0,Education
course_materials.pptx,.pptx,16,145000,medium,0,1,0,2,1,0,0,0,0,0,0,0,1,0,0,0,0,0,0,0,Education
grade_report_2024.docx,.docx,16,41000,small,1,2,0,3,1,0,0,0,0,0,0,0,1,0,0,0,0,0,0,0,Education
research_methodology.pdf,.pdf,19,167000,large,0,1,0,2,2,0,0,0,0,0,0,0,1,0,0,0,0,0,0,0,Education
lecture_recording.txt,.txt,17,15600,small,0,1,0,2,2,0,0,0,0,0,0,0,1,0,0,0,0,0,0,0,Education
assignment_rubric.pptx,.pptx,17,78000,small,0,1,0,2,2,0,0,0,0,0,0,0,1,0,0,0,0,0,0,0,Education
blockbuster_action.mp4,.mp4,17,4200000000,huge,0,1,0,2,0,2,0,0,0,0,0,0,0,1,0,0,0,0,0,0,Movies
cinema_release.mkv,.mkv,14,3800000000,huge,0,1,0,2,0,2,0,0,0,0,0,0,0,1,0,0,0,0,0,0,Movies
director_cut.avi,.avi,12,2900000000,huge,0,1,0,2,0,2,0,0,0,0,0,0,0,1,0,0,0,0,0,0,Movies
movie_premiere.mov,.mov,14,3500000000,huge,0,1,0,2,0,2,0,0,0,0,0,0,0,1,0,0,0,0,0,0,Movies
film_festival.mp4,.mp4,13,2200000000,huge,0,1,0,2,0,2,0,0,0,0,0,0,0,1,0,0,0,0,0,0,Movies
cinema_quality.mkv,.mkv,14,4100000000,huge,0,1,0,2,0,2,0,0,0,0,0,0,0,1,0,0,0,0,0,0,Movies
theatrical_release.avi,.avi,18,3600000000,huge,0,1,0,2,0,2,0,0,0,0,0,0,0,1,0,0,0,0,0,0,Movies
movie_marathon.mov,.mov,14,1900000000,huge,0,1,0,2,0,2,0,0,0,0,0,0,0,1,0,0,0,0,0,0,Movies
film_noir_classic.mp4,.mp4,17,2700000000,huge,0,2,0,3,0,2,0,0,0,0,0,0,0,1,0,0,0,0,0,0,Movies
cinema_epic.mkv,.mkv,11,5200000000,huge,0,1,0,2,0,2,0,0,0,0,0,0,0,1,0,0,0,0,0,0,Movies
director_special.avi,.avi,16,2400000000,huge,0,1,0,2,0,2,0,0,0,0,0,0,0,1,0,0,0,0,0,0,Movies
movie_collection.mov,.mov,16,1800000000,huge,0,1,0,2,0,2,0,0,0,0,0,0,0,1,0,0,0,0,0,0,Movies
film_archive.mp4,.mp4,12,3100000000,huge,0,1,0,2,0,2,0,0,0,0,0,0,0,1,0,0,0,0,0,0,Movies
cinema_vault.mkv,.mkv,12,2600000000,huge,0,1,0,2,0,2,0,0,0,0,0,0,0,1,0,0,0,0,0,0,Movies
theatrical_cut.avi,.avi,14,3900000000,huge,0,1,0,2,0,2,0,0,0,0,0,0,0,1,0,0,0,0,0,0,Movies
movie_remaster.mov,.mov,14,4600000000,huge,0,1,0,2,0,2,0,0,0,0,0,0,0,1,0,0,0,0,0,0,Movies
film_restoration.mp4,.mp4,17,2800000000,huge,0,1,0,2,0,2,0,0,0,0,0,0,0,1,0,0,0,0,0,0,Movies
cinema_edition.mkv,.mkv,14,3300000000,huge,0,1,0,2,0,2,0,0,0,0,0,0,0,1,0,0,0,0,0,0,Movies
director_vision.avi,.avi,15,2100000000,huge,0,1,0,2,0,2,0,0,0,0,0,0,0,1,0,0,0,0,0,0,Movies
movie_deluxe.mov,.mov,12,4300000000,huge,0,1,0,2,0,2,0,0,0,0,0,0,0,1,0,0,0,0,0,0,Movies
film_ultimate.mp4,.mp4,13,3700000000,huge,0,1,0,2,0,2,0,0,0,0,0,0,0,1,0,0,0,0,0,0,Movies
cinema_masterpiece.mkv,.mkv,18,2500000000,huge,0,1,0,2,0,2,0,0,0,0,0,0,0,1,0,0,0,0,0,0,Movies
theatrical_version.avi,.avi,18,4000000000,huge,0,1,0,2,0,2,0,0,0,0,0,0,0,1,0,0,0,0,0,0,Movies
movie_anthology.mov,.mov,15,1700000000,huge,0,1,0,2,0,2,0,0,0,0,0,0,0,1,0,0,0,0,0,0,Movies
film_series.mp4,.mp4,11,3400000000,huge,0,1,0,2,0,2,0,0,0,0,0,0,0,1,0,0,0,0,0,0,Movies
game_launcher_pro.exe,.exe,16,1800000000,huge,0,2,0,3,0,0,2,0,0,0,0,0,0,0,1,0,0,0,0,0,Games
gaming_platform.zip,.zip,15,3200000000,huge,0,1,0,2,0,0,2,0,0,0,0,0,0,0,1,0,0,0,0,0,Games
play_station_game.iso,.iso,16,5600000000,huge,0,2,0,3,0,0,2,0,0,0,0,0,0,0,1,0,0,0,0,0,Games
xbox_title_setup.apk,.apk,16,750000000,large,0,2,0,3,0,0,2,0,0,0,0,0,0,0,1,0,0,0,0,0,Games
gaming_collection.exe,.exe,17,4100000000,huge,0,1,0,2,0,0,2,0,0,0,0,0,0,0,1,0,0,0,0,0,Games
arcade_bundle.zip,.zip,13,2900000000,huge,0,1,0,2,0,0,2,0,0,0,0,0,0,0,1,0,0,0,0,0,Games
console_exclusive.iso,.iso,16,6800000000,huge,0,1,0,2,0,0,2,0,0,0,0,0,0,0,1,0,0,0,0,0,Games
mobile_gaming.apk,.apk,13,580000000,large,0,1,0,2,0,0,2,0,0,0,0,0,0,0,1,0,0,0,0,0,Games
pc_master_race.exe,.exe,14,3700000000,huge,0,2,0,3,0,0,2,0,0,0,0,0,0,0,1,0,0,0,0,0,Games
retro_arcade.zip,.zip,12,1400000000,huge,0,1,0,2,0,0,2,0,0,0,0,0,0,0,1,0,0,0,0,0,Games
battle_royale.iso,.iso,13,4500000000,huge,0,1,0,2,0,0,2,0,0,0,0,0,0,0,1,0,0,0,0,0,Games
esports_title.apk,.apk,13,690000000,large,0,1,0,2,0,0,2,0,0,0,0,0,0,0,1,0,0,0,0,0,Games
gaming_suite.exe,.exe,12,2600000000,huge,0,1,0,2,0,0,2,0,0,0,0,0,0,0,1,0,0,0,0,0,Games
indie_game_pack.zip,.zip,15,1800000000,huge,0,2,0,3,0,0,2,0,0,0,0,0,0,0,1,0,0,0,0,0,Games
console_port.iso,.iso,12,5100000000,huge,0,1,0,2,0,0,2,0,0,0,0,0,0,0,1,0,0,0,0,0,Games
mobile_premium.apk,.apk,15,420000000,large,0,1,0,2,0,0,2,0,0,0,0,0,0,0,1,0,0,0,0,0,Games
pc_exclusive.exe,.exe,13,3900000000,huge,0,1,0,2,0,0,2,0,0,0,0,0,0,0,1,0,0,0,0,0,Games
arcade_classic.zip,.zip,14,2200000000,huge,0,1,0,2,0,0,2,0,0,0,0,0,0,0,1,0,0,0,0,0,Games
battle_arena.iso,.iso,12,4800000000,huge,0,1,0,2,0,0,2,0,0,0,0,0,0,0,1,0,0,0,0,0,Games
competitive_fps.apk,.apk,14,530000000,large,0,1,0,2,0,0,2,0,0,0,0,0,0,0,1,0,0,0,0,0,Games
gaming_engine.exe,.exe,13,2400000000,huge,0,1,0,2,0,0,2,0,0,0,0,0,0,0,1,0,0,0,0,0,Games
multiplayer_pack.zip,.zip,16,3300000000,huge,0,1,0,2,0,0,2,0,0,0,0,0,0,0,1,0,0,0,0,0,Games
console_remake.iso,.iso,14,5900000000,huge,0,1,0,2,0,0,2,0,0,0,0,0,0,0,1,0,0,0,0,0,Games
mobile_strategy.apk,.apk,15,480000000,large,0,1,0,2,0,0,2,0,0,0,0,0,0,0,1,0,0,0,0,0,Games
pc_simulation.exe,.exe,14,3600000000,huge,0,1,0,2,0,0,2,0,0,0,0,0,0,0,1,0,0,0,0,0,Games
utility_manager.exe,.exe,15,290000000,large,0,1,0,2,0,0,0,1,0,0,0,0,0,0,0,1,0,0,0,0,Apps
productivity_suite.apk,.apk,18,340000000,large,0,1,0,2,0,0,0,1,0,0,0,0,0,0,0,1,0,0,0,0,Apps
business_toolkit.dmg,.dmg,16,580000000,large,0,1,0,2,0,0,0,1,0,0,0,0,0,0,0,1,0,0,0,0,Apps
mobile_utility.apk,.apk,14,150000000,medium,0,1,0,2,0,0,0,1,0,0,0,0,0,0,0,1,0,0,0,0,Apps
desktop_tool.dmg,.dmg,12,380000000,large,0,1,0,2,0,0,0,1,0,0,0,0,0,0,0,1,0,0,0,0,Apps
system_optimizer.exe,.exe,16,460000000,large,0,1,0,2,0,0,0,1,0,0,0,0,0,0,0,1,0,0,0,0,Apps
app_launcher.apk,.apk,12,85000000,medium,0,1,0,2,0,0,0,1,0,0,0,0,0,0,0,1,0,0,0,0,Apps
software_package.dmg,.dmg,16,690000000,large,0,1,0,2,0,0,0,1,0,0,0,0,0,0,0,1,0,0,0,0,Apps
enterprise_solution.exe,.exe,19,750000000,large,0,1,0,2,0,0,0,1,0,0,0,0,0,0,0,1,0,0,0,0,Apps
mobile_assistant.apk,.apk,16,120000000,medium,0,1,0,2,0,0,0,1,0,0,0,0,0,0,0,1,0,0,0,0,Apps
creative_studio.dmg,.dmg,15,920000000,large,0,1,0,2,0,0,0,1,0,0,0,0,0,0,0,1,0,0,0,0,Apps
development_ide.exe,.exe,14,650000000,large,0,1,0,2,0,0,0,1,0,0,0,0,0,0,0,1,0,0,0,0,Apps
android_toolkit.apk,.apk,15,230000000,large,0,1,0,2,0,0,0,1,0,0,0,0,0,0,0,1,0,0,0,0,Apps
mac_application.dmg,.dmg,15,540000000,large,0,1,0,2,0,0,0,1,0,0,0,0,0,0,0,1,0,0,0,0,Apps
windows_installer.exe,.exe,17,480000000,large,0,1,0,2,0,0,0,1,0,0,0,0,0,0,0,1,0,0,0,0,Apps
mobile_platform.apk,.apk,15,190000000,large,0,1,0,2,0,0,0,1,0,0,0,0,0,0,0,1,0,0,0,0,Apps
desktop_suite.dmg,.dmg,13,810000000,large,0,1,0,2,0,0,0,1,0,0,0,0,0,0,0,1,0,0,0,0,Apps
business_app.exe,.exe,12,360000000,large,0,1,0,2,0,0,0,1,0,0,0,0,0,0,0,1,0,0,0,0,Apps
android_service.apk,.apk,15,140000000,medium,0,1,0,2,0,0,0,1,0,0,0,0,0,0,0,1,0,0,0,0,Apps
mac_utility.dmg,.dmg,11,270000000,large,0,1,0,2,0,0,0,1,0,0,0,0,0,0,0,1,0,0,0,0,Apps
windows_tool.exe,.exe,12,590000000,large,0,1,0,2,0,0,0,1,0,0,0,0,0,0,0,1,0,0,0,0,Apps
mobile_framework.apk,.apk,16,180000000,large,0,1,0,2,0,0,0,1,0,0,0,0,0,0,0,1,0,0,0,0,Apps
desktop_manager.dmg,.dmg,15,720000000,large,0,1,0,2,0,0,0,1,0,0,0,0,0,0,0,1,0,0,0,0,Apps
system_application.exe,.exe,18,440000000,large,0,1,0,2,0,0,0,1,0,0,0,0,0,0,0,1,0,0,0,0,Apps
podcast_series.mp3,.mp3,14,95000000,medium,0,1,0,2,0,0,0,0,2,0,0,0,0,0,0,0,1,0,0,0,Entertainment
streaming_content.wav,.wav,17,120000000,medium,0,1,0,2,0,0,0,0,1,0,0,0,0,0,0,0,1,0,0,0,Entertainment
viral_video_2024.mp4,.mp4,16,180000000,large,1,2,0,3,0,0,0,0,2,0,0,0,0,1,0,0,0,0,0,0,Entertainment
entertainment_show.webm,.webm,18,68000000,medium,0,1,0,2,0,0,0,0,2,0,0,0,0,0,0,0,1,0,0,0,Entertainment
comedy_special.mp3,.mp3,14,85000000,medium,0,1,0,2,0,0,0,0,2,0,0,0,0,0,0,0,1,0,0,0,Entertainment
music_festival.wav,.wav,14,145000000,large,0,1,0,2,0,0,0,0,2,0,0,0,0,0,0,0,1,0,0,0,Entertainment
fun_compilation.mp4,.mp4,16,92000000,medium,0,1,0,2,0,0,0,0,2,0,0,0,0,1,0,0,0,0,0,0,Entertainment
trending_meme.webm,.webm,13,34000000,medium,0,1,0,2,0,0,0,0,1,0,0,0,0,0,0,0,1,0,0,0,Entertainment
entertainment_mix.mp3,.mp3,17,76000000,medium,0,1,0,2,0,0,0,0,2,0,0,0,0,0,0,0,1,0,0,0,Entertainment
variety_show.wav,.wav,12,158000000,large,0,1,0,2,0,0,0,0,2,0,0,0,0,0,0,0,1,0,0,0,Entertainment
funny_moments.mp4,.mp4,13,87000000,medium,0,1,0,2,0,0,0,0,2,0,0,0,0,1,0,0,0,0,0,0,Entertainment
social_media.webm,.webm,12,45000000,medium,0,1,0,2,0,0,0,0,1,0,0,0,0,0,0,0,1,0,0,0,Entertainment
entertainment_hub.mp3,.mp3,17,63000000,medium,0,1,0,2,0,0,0,0,2,0,0,0,0,0,0,0,1,0,0,0,Entertainment
live_performance.wav,.wav,16,172000000,large,0,1,0,2,0,0,0,0,2,0,0,0,0,0,0,0,1,0,0,0,Entertainment
viral_trend.mp4,.mp4,11,98000000,medium,0,1,0,2,0,0,0,0,2,0,0,0,0,1,0,0,0,0,0,0,Entertainment
comedy_gold.webm,.webm,11,52000000,medium,0,1,0,2,0,0,0,0,2,0,0,0,0,0,0,0,1,0,0,0,Entertainment
entertainment_zone.mp3,.mp3,17,71000000,medium,0,1,0,2,0,0,0,0,2,0,0,0,0,0,0,0,1,0,0,0,Entertainment
music_production.wav,.wav,16,134000000,medium,0,1,0,2,0,0,0,0,2,0,0,0,0,0,0,0,1,0,0,0,Entertainment
funny_clips.mp4,.mp4,11,79000000,medium,0,1,0,2,0,0,0,0,2,0,0,0,0,1,0,0,0,0,0,0,Entertainment
viral_sensation.webm,.webm,15,41000000,medium,0,1,0,2,0,0,0,0,2,0,0,0,0,0,0,0,1,0,0,0,Entertainment
entertainment_pack.mp3,.mp3,17,89000000,medium,0,1,0,2,0,0,0,0,2,0,0,0,0,0,0,0,1,0,0,0,Entertainment
show_highlights.wav,.wav,15,167000000,large,0,1,0,2,0,0,0,0,2,0,0,0,0,0,0,0,1,0,0,0,Entertainment
comedy_central.mp4,.mp4,14,105000000,medium,0,1,0,2,0,0,0,0,2,0,0,0,0,0,0,0,1,0,0,0,Entertainment
trending_now.webm,.webm,12,38000000,medium,0,1,0,2,0,0,0,0,2,0,0,0,0,0,0,0,1,0,0,0,Entertainment
entertainment_live.mp3,.mp3,17,94000000,medium,0,1,0,2,0,0,0,0,2,0,0,0,0,0,0,0,1,0,0,0,Entertainment
professional_resume.pdf,.pdf,19,78000,small,0,1,0,2,0,0,0,0,0,2,0,0,1,0,0,0,0,0,0,0,Career
job_search_tips.docx,.docx,15,45000,small,0,2,0,3,0,0,0,0,0,2,0,0,1,0,0,0,0,0,0,0,Career
career_development.pdf,.pdf,18,89000,small,0,1,0,2,0,0,0,0,0,2,0,0,1,0,0,0,0,0,0,0,Career
interview_guide.docx,.docx,14,52000,small,0,1,0,2,0,0,0,0,0,2,0,0,1,0,0,0,0,0,0,0,Career
networking_tips.pdf,.pdf,14,67000,small,0,1,0,2,0,0,0,0,0,2,0,0,1,0,0,0,0,0,0,0,Career
salary_negotiation.docx,.docx,18,38000,small,0,1,0,2,0,0,0,0,0,2,0,0,1,0,0,0,0,0,0,0,Career
career_planning.pdf,.pdf,15,73000,small,0,1,0,2,0,0,0,0,0,2,0,0,1,0,0,0,0,0,0,0,Career
job_hunting_2024.docx,.docx,16,41000,small,1,2,0,3,0,0,0,0,0,2,0,0,1,0,0,0,0,0,0,0,Career
professional_growth.pdf,.pdf,19,95000,small,0,1,0,2,0,0,0,0,0,2,0,0,1,0,0,0,0,0,0,0,Career
leadership_skills.docx,.docx,16,56000,small,0,1,0,2,0,0,0,0,0,2,0,0,1,0,0,0,0,0,0,0,Career
career_transition.pdf,.pdf,17,82000,small,0,1,0,2,0,0,0,0,0,2,0,0,1,0,0,0,0,0,0,0,Career
workplace_success.docx,.docx,17,49000,small,0,1,0,2,0,0,0,0,0,2,0,0,1,0,0,0,0,0,0,0,Career
industry_insights.pdf,.pdf,17,76000,small,0,1,0,2,0,0,0,0,0,2,0,0,1,0,0,0,0,0,0,0,Career
employment_guide.docx,.docx,16,44000,small,0,1,0,2,0,0,0,0,0,2,0,0,1,0,0,0,0,0,0,0,Career
career_coaching.pdf,.pdf,15,68000,small,0,1,0,2,0,0,0,0,0,2,0,0,1,0,0,0,0,0,0,0,Career
professional_brand.docx,.docx,18,53000,small,0,1,0,2,0,0,0,0,0,2,0,0,1,0,0,0,0,0,0,0,Career
job_market_trends.pdf,.pdf,17,87000,small,0,2,0,3,0,0,0,0,0,2,0,0,1,0,0,0,0,0,0,0,Career
work_life_balance.docx,.docx,17,46000,small,0,2,0,3,0,0,0,0,0,2,0,0,1,0,0,0,0,0,0,0,Career
career_milestones.pdf,.pdf,17,74000,small,0,1,0,2,0,0,0,0,0,2,0,0,1,0,0,0,0,0,0,0,Career
skill_development.docx,.docx,17,51000,small,0,1,0,2,0,0,0,0,0,2,0,0,1,0,0,0,0,0,0,0,Career
career_resources.pdf,.pdf,16,69000,small,0,1,0,2,0,0,0,0,0,2,0,0,1,0,0,0,0,0,0,0,Career
job_application_tips.docx,.docx,20,42000,small,0,2,0,3,0,0,0,0,0,2,0,0,1,0,0,0,0,0,0,0,Career
professional_network.pdf,.pdf,19,81000,small,0,1,0,2,0,0,0,0,0,2,0,0,1,0,0,0,0,0,0,0,Career
workplace_ethics.docx,.docx,16,47000,small,0,1,0,2,0,0,0,0,0,2,0,0,1,0,0,0,0,0,0,0,Career
career_advancement.pdf,.pdf,18,75000,small,0,1,0,2,0,0,0,0,0,2,0,0,1,0,0,0,0,0,0,0,Career
budget_planning.pdf,.pdf,15,67000,small,0,1,0,2,0,0,0,0,0,0,2,0,1,0,0,0,0,1,0,0,Finance
financial_report.xlsx,.xlsx,16,145000,medium,0,1,0,2,0,0,0,0,0,0,2,0,0,0,0,0,0,1,0,0,Finance
expense_tracking.pdf,.pdf,16,54000,small,0,1,0,2,0,0,0,0,0,0,2,0,1,0,0,0,0,1,0,0,Finance
investment_guide.xlsx,.xlsx,16,178000,medium,0,1,0,2,0,0,0,0,0,0,2,0,0,0,0,0,0,1,0,0,Finance
tax_planning_2024.pdf,.pdf,17,89000,small,1,2,0,3,0,0,0,0,0,0,2,0,1,0,0,0,0,1,0,0,Finance
financial_analysis.xlsx,.xlsx,18,167000,medium,0,1,0,2,0,0,0,0,0,0,2,0,0,0,0,0,0,1,0,0,Finance
money_management.pdf,.pdf,16,72000,small,0,1,0,2,0,0,0,0,0,0,2,0,1,0,0,0,0,1,0,0,Finance
portfolio_review.xlsx,.xlsx,16,156000,medium,0,1,0,2,0,0,0,0,0,0,2,0,0,0,0,0,0,1,0,0,Finance
retirement_planning.pdf,.pdf,18,94000,small,0,1,0,2,0,0,0,0,0,0,2,0,1,0,0,0,0,1,0,0,Finance
cash_flow_analysis.xlsx,.xlsx,18,189000,medium,0,2,0,3,0,0,0,0,0,0,2,0,0,0,0,0,0,1,0,0,Finance
financial_strategy.pdf,.pdf,18,76000,small,0,1,0,2,0,0,0,0,0,0,2,0,1,0,0,0,0,1,0,0,Finance
market_research.xlsx,.xlsx,15,142000,medium,0,1,0,2,0,0,0,0,0,0,2,0,0,0,0,0,0,1,0,0,Finance
wealth_building.pdf,.pdf,14,81000,small,0,1,0,2,0,0,0,0,0,0,2,0,1,0,0,0,0,1,0,0,Finance
accounting_records.xlsx,.xlsx,18,173000,medium,0,1,0,2,0,0,0,0,0,0,2,0,0,0,0,0,0,1,0,0,Finance
financial_goals.pdf,.pdf,15,68000,small,0,1,0,2,0,0,0,0,0,0,2,0,1,0,0,0,0,1,0,0,Finance
profit_loss_stmt.xlsx,.xlsx,16,161000,medium,0,2,0,3,0,0,0,0,0,0,2,0,0,0,0,0,0,1,0,0,Finance
debt_management.pdf,.pdf,15,73000,small,0,1,0,2,0,0,0,0,0,0,2,0,1,0,0,0,0,1,0,0,Finance
budget_analysis.xlsx,.xlsx,15,148000,medium,0,1,0,2,0,0,0,0,0,0,2,0,0,0,0,0,0,1,0,0,Finance
financial_planning.pdf,.pdf,18,85000,small,0,1,0,2,0,0,0,0,0,0,2,0,1,0,0,0,0,1,0,0,Finance
investment_portfolio.xlsx,.xlsx,19,195000,medium,0,1,0,2,0,0,0,0,0,0,2,0,0,0,0,0,0,1,0,0,Finance
expense_report.pdf,.pdf,14,59000,small,0,1,0,2,0,0,0,0,0,0,2,0,1,0,0,0,0,1,0,0,Finance
financial_forecast.xlsx,.xlsx,18,181000,medium,0,1,0,2,0,0,0,0,0,0,2,0,0,0,0,0,0,1,0,0,Finance
savings_plan.pdf,.pdf,12,64000,small,0,1,0,2,0,0,0,0,0,0,2,0,1,0,0,0,0,1,0,0,Finance
balance_sheet.xlsx,.xlsx,13,152000,medium,0,1,0,2,0,0,0,0,0,0,2,0,0,0,0,0,0,1,0,0,Finance
financial_advisor.pdf,.pdf,17,77000,small,0,1,0,2,0,0,0,0,0,0,2,0,1,0,0,0,0,1,0,0,Finance
configuration_file.properties,.properties,18,3400,tiny,0,1,0,2,0,0,0,0,0,0,0,2,0,0,0,0,0,0,0,1,Others
system_backup.bak,.bak,13,890000,medium,0,1,0,2,0,0,0,0,0,0,0,2,0,0,0,0,0,0,0,1,Others
temporary_data.temp,.temp,14,18700,small,0,1,0,2,0,0,0,0,0,0,0,2,0,0,0,0,0,0,0,1,Others
application_log.trace,.trace,16,6800,tiny,0,1,0,2,0,0,0,0,0,0,0,2,0,0,0,0,0,0,0,1,Others
system_settings.ini,.ini,15,2100,tiny,0,1,0,2,0,0,0,0,0,0,0,2,0,0,0,0,0,0,0,1,Others
cached_data.cache,.cache,13,45600,medium,0,1,0,2,0,0,0,0,0,0,0,2,0,0,0,0,0,0,0,1,Others
debug_output.debug,.debug,14,9200,tiny,0,1,0,2,0,0,0,0,0,0,0,2,0,0,0,0,0,0,0,1,Others
metadata_info.meta,.meta,13,4700,tiny,0,1,0,2,0,0,0,0,0,0,0,2,0,0,0,0,0,0,0,1,Others
lock_file.lock,.lock,9,156,tiny,0,1,0,2,0,0,0,0,0,0,0,2,0,0,0,0,0,0,0,1,Others
pid_process.pid,.pid,11,89,tiny,0,1,0,2,0,0,0,0,0,0,0,2,0,0,0,0,0,0,0,1,Others
thumbnail_cache.thumbs,.thumbs,16,67800,medium,0,1,0,2,0,0,0,0,0,0,0,2,0,0,0,0,0,0,0,1,Others
swap_memory.swap,.swap,12,1200000,huge,0,1,0,2,0,0,0,0,0,0,0,2,0,0,0,0,0,0,0,1,Others
index_database.idx,.idx,14,234000,large,0,1,0,2,0,0,0,0,0,0,0,2,0,0,0,0,0,0,0,1,Others
journal_log.journal,.journal,12,15600,small,0,1,0,2,0,0,0,0,0,0,0,2,0,0,0,0,0,0,0,1,Others
manifest_info.manifest,.manifest,14,5400,tiny,0,1,0,2,0,0,0,0,0,0,0,2,0,0,0,0,0,0,0,1,Others
session_data.session,.session,13,12300,small,0,1,0,2,0,0,0,0,0,0,0,2,0,0,0,0,0,0,0,1,Others
registry_backup.reg,.reg,15,78900,small,0,1,0,2,0,0,0,0,0,0,0,2,0,0,0,0,0,0,0,1,Others
bookmark_data.bookmarks,.bookmarks,14,8900,tiny,0,1,0,2,0,0,0,0,0,0,0,2,0,0,0,0,0,0,0,1,Others
preferences_file.prefs,.prefs,17,3200,tiny,0,1,0,2,0,0,0,0,0,0,0,2,0,0,0,0,0,0,0,1,Others
cookie_storage.cookies,.cookies,15,23400,small,0,1,0,2,0,0,0,0,0,0,0,2,0,0,0,0,0,0,0,1,Others
history_data.history,.history,13,19800,small,0,1,0,2,0,0,0,0,0,0,0,2,0,0,0,0,0,0,0,1,Others
plugin_settings.plugin,.plugin,16,6700,tiny,0,1,0,2,0,0,0,0,0,0,0,2,0,0,0,0,0,0,0,1,Others
extension_data.extension,.extension,15,4500,tiny,0,1,0,2,0,0,0,0,0,0,0,2,0,0,0,0,0,0,0,1,Others
theme_config.theme,.theme,12,3800,tiny,0,1,0,2,0,0,0,0,0,0,0,2,0,0,0,0,0,0,0,1,Others
profile_backup.profile,.profile,15,34500,small,0,1,0,2,0,0,0,0,0,0,0,2,0,0,0,0,0,0,0,1,Others
state_information.state,.state,18,11200,small,0,1,0,2,0,0,0,0,0,0,0,2,0,0,0,0,0,0,0,1,Others
advanced_calculus_textbook.pdf,.pdf,26,2800000,huge,0,2,0,3,3,0,0,0,0,0,0,0,1,0,0,0,0,0,0,0,Education
python_programming_tutorial.mp4,.mp4,26,89000000,huge,0,2,0,3,2,0,0,0,0,0,0,0,0,1,0,0,0,0,0,0,Education
machine_learning_coursework.zip,.zip,27,15600000,huge,0,2,0,3,3,0,0,0,0,0,0,0,0,0,0,0,0,0,0,1,Education
dissertation_draft_v3.docx,.docx,19,145000,medium,1,2,0,3,2,0,0,0,0,0,0,0,1,0,0,0,0,0,0,0,Education
organic_chemistry_lab_report.pdf,.pdf,29,234000,large,0,3,0,4,3,0,0,0,0,0,0,0,1,0,0,0,0,0,0,0,Education
linear_algebra_homework.tex,.tex,23,45000,small,0,2,0,3,2,0,0,0,0,0,0,0,1,0,0,0,0,0,0,0,Education
statistics_final_project.xlsx,.xlsx,24,567000,large,0,2,0,3,2,0,0,0,0,0,0,0,1,0,0,0,0,0,0,0,Education
research_methodology_notes.pptx,.pptx,26,890000,large,0,2,0,3,2,0,0,0,0,0,0,0,1,0,0,0,0,0,0,0,Education
computer_science_bibliography.bib,.bib,29,23000,small,0,2,0,3,2,0,0,0,0,0,0,0,1,0,0,0,0,0,0,0,Education
quantum_physics_simulation.py,.py,26,78000,small,0,2,0,3,2,0,0,0,0,0,0,0,0,0,0,1,0,0,0,0,Education
differential_equations_solver.m,.m,28,156000,medium,0,2,0,3,2,0,0,0,0,0,0,0,1,0,0,0,0,0,0,0,Education
biology_lab_data.csv,.csv,17,234000,large,0,2,0,3,2,0,0,0,0,0,0,0,1,0,0,0,0,0,0,0,Education
english_literature_essay.rtf,.rtf,23,89000,small,0,2,0,3,2,0,0,0,0,0,0,0,1,0,0,0,0,0,0,0,Education
history_timeline_presentation.ppt,.ppt,28,1200000,huge,0,2,0,3,2,0,0,0,0,0,0,0,1,0,0,0,0,0,0,0,Education
economics_market_analysis.xlsx,.xlsx,25,345000,large,0,2,0,3,2,0,0,0,0,0,0,0,1,0,0,0,0,0,0,0,Education
philosophy_term_paper.odt,.odt,20,67000,small,0,2,0,3,2,0,0,0,0,0,0,0,1,0,0,0,0,0,0,0,Education
geology_field_notes.pdf,.pdf,19,789000,large,0,2,0,3,2,0,0,0,0,0,0,0,1,0,0,0,0,0,0,0,Education
anthropology_research_paper.docx,.docx,27,123000,medium,0,2,0,3,2,0,0,0,0,0,0,0,1,0,0,0,0,0,0,0,Education
psychology_experiment_data.sav,.sav,25,456000,large,0,2,0,3,2,0,0,0,0,0,0,0,1,0,0,0,0,0,0,0,Education
astronomy_observation_log.txt,.txt,25,34000,small,0,2,0,3,2,0,0,0,0,0,0,0,1,0,0,0,0,0,0,0,Education
chemistry_molecular_model.mol,.mol,24,12000,small,0,2,0,3,2,0,0,0,0,0,0,0,1,0,0,0,0,0,0,0,Education
art_history_presentation.key,.key,23,2300000,huge,0,2,0,3,2,0,0,0,0,0,0,0,1,0,0,0,0,0,0,0,Education
medical_terminology_flashcards.anki,.anki,29,890000,large,0,2,0,3,2,0,0,0,0,0,0,0,1,0,0,0,0,0,0,0,Education
engineering_blueprints.dwg,.dwg,20,3400000,huge,0,1,0,2,2,0,0,0,0,0,0,0,1,0,0,0,0,0,0,0,Education
music_theory_composition.midi,.midi,23,45000,small,0,2,0,3,2,0,0,0,0,0,0,0,1,0,0,0,0,0,0,0,Education
the_matrix_reloaded_2003.mkv,.mkv,24,4500000000,huge,1,3,0,4,0,3,0,0,0,0,0,0,0,1,0,0,0,0,0,0,Movies
avatar_way_of_water_4k.mp4,.mp4,22,8900000000,huge,1,3,0,4,0,3,0,0,0,0,0,0,0,1,0,0,0,0,0,0,Movies
interstellar_imax_version.avi,.avi,23,6700000000,huge,0,2,0,3,0,3,0,0,0,0,0,0,0,1,0,0,0,0,0,0,Movies
lord_of_the_rings_fellowship.mkv,.mkv,28,5600000000,huge,0,4,0,5,0,3,0,0,0,0,0,0,0,1,0,0,0,0,0,0,Movies
spider_man_no_way_home.mp4,.mp4,22,3400000000,huge,0,3,0,4,0,3,0,0,0,0,0,0,0,1,0,0,0,0,0,0,Movies
john_wick_chapter_4_hdr.mkv,.mkv,23,7800000000,huge,1,3,0,4,0,3,0,0,0,0,0,0,0,1,0,0,0,0,0,0,Movies
dune_part_two_2024.mov,.mov,17,5600000000,huge,1,2,0,3,0,3,0,0,0,0,0,0,0,1,0,0,0,0,0,0,Movies
oppenheimer_70mm_print.mp4,.mp4,21,9100000000,huge,1,2,0,3,0,3,0,0,0,0,0,0,0,1,0,0,0,0,0,0,Movies
top_gun_maverick_dolby.mkv,.mkv,22,4300000000,huge,0,2,0,3,0,3,0,0,0,0,0,0,0,1,0,0,0,0,0,0,Movies
everything_everywhere_all_at_once.avi,.avi,31,6200000000,huge,0,3,0,5,0,3,0,0,0,0,0,0,0,1,0,0,0,0,0,0,Movies
black_panther_wakanda_forever.mp4,.mp4,27,5400000000,huge,0,2,0,4,0,3,0,0,0,0,0,0,0,1,0,0,0,0,0,0,Movies
fast_and_furious_x_extended.mkv,.mkv,27,7600000000,huge,0,3,0,4,0,3,0,0,0,0,0,0,0,1,0,0,0,0,0,0,Movies
guardians_of_galaxy_vol3.mp4,.mp4,24,4800000000,huge,1,2,0,4,0,3,0,0,0,0,0,0,0,1,0,0,0,0,0,0,Movies
mission_impossible_dead_reckoning.avi,.avi,32,6900000000,huge,0,2,0,4,0,3,0,0,0,0,0,0,0,1,0,0,0,0,0,0,Movies
scream_6_directors_cut.mkv,.mkv,22,3700000000,huge,1,2,0,4,0,3,0,0,0,0,0,0,0,1,0,0,0,0,0,0,Movies
indiana_jones_dial_of_destiny.mp4,.mp4,29,5900000000,huge,0,3,0,5,0,3,0,0,0,0,0,0,0,1,0,0,0,0,0,0,Movies
transformers_rise_of_beasts.mov,.mov,26,7200000000,huge,0,2,0,4,0,3,0,0,0,0,0,0,0,1,0,0,0,0,0,0,Movies
the_flash_multiverse_cut.mkv,.mkv,23,5100000000,huge,0,2,0,4,0,3,0,0,0,0,0,0,0,1,0,0,0,0,0,0,Movies
barbie_pink_edition.mp4,.mp4,18,4200000000,huge,0,2,0,3,0,3,0,0,0,0,0,0,0,1,0,0,0,0,0,0,Movies
killers_of_flower_moon.avi,.avi,22,8400000000,huge,0,2,0,4,0,3,0,0,0,0,0,0,0,1,0,0,0,0,0,0,Movies
napoleon_directors_cut.mkv,.mkv,21,6800000000,huge,0,2,0,3,0,3,0,0,0,0,0,0,0,1,0,0,0,0,0,0,Movies
the_marvels_extended_version.mp4,.mp4,27,5300000000,huge,0,2,0,4,0,3,0,0,0,0,0,0,0,1,0,0,0,0,0,0,Movies
aquaman_lost_kingdom.mov,.mov,20,4700000000,huge,0,2,0,3,0,3,0,0,0,0,0,0,0,1,0,0,0,0,0,0,Movies
wonka_musical_edition.mkv,.mkv,20,3900000000,huge,0,2,0,3,0,3,0,0,0,0,0,0,0,1,0,0,0,0,0,0,Movies
poor_things_arthouse_cut.avi,.avi,23,4600000000,huge,0,2,0,4,0,3,0,0,0,0,0,0,0,1,0,0,0,0,0,0,Movies
mean_girls_broadway_version.mp4,.mp4,27,4100000000,huge,0,2,0,4,0,3,0,0,0,0,0,0,0,1,0,0,0,0,0,0,Movies
advanced_java_programming_ebook.epub,.epub,30,15000000,large,0,3,0,4,3,0,0,0,0,0,0,0,1,0,0,0,0,0,0,0,Education
calculus_problem_solutions.pdf,.pdf,26,890000,large,0,2,0,3,2,0,0,0,0,0,0,0,1,0,0,0,0,0,0,0,Education
algorithms_data_structures_notes.txt,.txt,31,234000,large,0,3,0,4,3,0,0,0,0,0,0,0,1,0,0,0,0,0,0,0,Education
database_design_workshop.pptx,.pptx,24,1200000,huge,0,2,0,3,2,0,0,0,0,0,0,0,1,0,0,0,0,0,0,0,Education
operating_systems_lab_manual.docx,.docx,28,567000,large,0,3,0,4,3,0,0,0,0,0,0,0,1,0,0,0,0,0,0,0,Education
software_engineering_project.zip,.zip,27,23000000,huge,0,2,0,3,2,0,0,0,0,0,0,0,0,0,0,0,0,0,0,1,Education
network_security_certification.pdf,.pdf,29,2300000,huge,0,2,0,3,3,0,0,0,0,0,0,0,1,0,0,0,0,0,0,0,Education
web_development_bootcamp.mp4,.mp4,24,45000000000,huge,0,2,0,3,2,0,0,0,0,0,0,0,0,1,0,0,0,0,0,0,Education
mobile_app_development_course.mov,.mov,28,34000000000,huge,0,3,0,4,3,0,0,0,0,0,0,0,0,1,0,0,0,0,0,0,Education
artificial_intelligence_textbook.pdf,.pdf,31,4500000,huge,0,2,0,3,3,0,0,0,0,0,0,0,1,0,0,0,0,0,0,0,Education
data_science_python_tutorial.ipynb,.ipynb,29,1200000,huge,0,3,0,4,3,0,0,0,0,0,0,0,0,0,0,1,0,0,0,0,Education
cloud_computing_aws_guide.epub,.epub,25,8900000,large,0,3,0,4,3,0,0,0,0,0,0,0,1,0,0,0,0,0,0,0,Education
cybersecurity_incident_response.pdf,.pdf,30,3400000,huge,0,2,0,3,3,0,0,0,0,0,0,0,1,0,0,0,0,0,0,0,Education
blockchain_cryptocurrency_primer.docx,.docx,30,678000,large,0,2,0,3,3,0,0,0,0,0,0,0,1,0,0,0,0,0,0,0,Education
digital_marketing_analytics.xlsx,.xlsx,26,345000,large,0,2,0,3,2,0,0,0,0,0,0,0,1,0,0,0,0,0,0,0,Education
scream_vi_unrated_directors_cut.mkv,.mkv,31,8900000000,huge,1,3,0,5,0,3,0,0,0,0,0,0,0,1,0,0,0,0,0,0,Movies
creed_iii_rocky_legacy.mp4,.mp4,21,5600000000,huge,1,2,0,3,0,3,0,0,0,0,0,0,0,1,0,0,0,0,0,0,Movies
john_wick_complete_saga.avi,.avi,21,23000000000,huge,0,2,0,3,0,3,0,0,0,0,0,0,0,1,0,0,0,0,0,0,Movies
ant_man_quantumania_imax.mkv,.mkv,23,6700000000,huge,0,2,0,3,0,3,0,0,0,0,0,0,0,1,0,0,0,0,0,0,Movies
super_mario_bros_animated.mp4,.mp4,24,4300000000,huge,0,3,0,4,0,3,0,0,0,0,0,0,0,1,0,0,0,0,0,0,Movies
dungeons_dragons_honor_thieves.mov,.mov,31,7800000000,huge,0,3,0,4,0,3,0,0,0,0,0,0,0,1,0,0,0,0,0,0,Movies
evil_dead_rise_uncut_version.avi,.avi,27,4600000000,huge,0,3,0,4,0,3,0,0,0,0,0,0,0,1,0,0,0,0,0,0,Movies
cocaine_bear_extended_cut.mkv,.mkv,24,3800000000,huge,0,2,0,3,0,3,0,0,0,0,0,0,0,1,0,0,0,0,0,0,Movies
shazam_fury_of_gods.mp4,.mp4,18,5200000000,huge,0,2,0,3,0,3,0,0,0,0,0,0,0,1,0,0,0,0,0,0,Movies
65_prehistoric_adventure.mkv,.mkv,22,4100000000,huge,1,2,0,3,0,3,0,0,0,0,0,0,0,1,0,0,0,0,0,0,Movies
the_nun_ii_vatican_tapes.avi,.avi,23,3900000000,huge,1,3,0,4,0,3,0,0,0,0,0,0,0,1,0,0,0,0,0,0,Movies
saw_x_jigsaw_returns.mp4,.mp4,18,4500000000,huge,1,2,0,3,0,3,0,0,0,0,0,0,0,1,0,0,0,0,0,0,Movies
m3gan_unrated_horror_cut.mkv,.mkv,23,3700000000,huge,1,3,0,4,0,3,0,0,0,0,0,0,0,1,0,0,0,0,0,0,Movies
puss_in_boots_last_wish.mov,.mov,22,4800000000,huge,0,3,0,4,0,3,0,0,0,0,0,0,0,1,0,0,0,0,0,0,Movies
black_adam_extended_edition.avi,.avi,26,6200000000,huge,0,2,0,3,0,3,0,0,0,0,0,0,0,1,0,0,0,0,0,0,Movies